Domain,COM Status,APP Status,Last Checked
Hoply,Taken,Taken,2025-08-13 13:37:01
Hoppa,Taken,Taken,2025-08-13 13:37:01
Hoppla,Taken,Taken,2025-08-13 13:37:01
Hopa,Taken,Taken,2025-08-13 13:37:01
Hoppio,Taken,Available,2025-08-13 13:37:01
Hoppin,Taken,Taken,2025-08-13 13:37:01
Hopzo,Taken,Available,2025-08-13 13:37:01
Hopto,Taken,Available,2025-08-13 13:37:01
Hoppo,Taken,Available,2025-08-13 13:37:01
Hoplyo,Available,Available,2025-08-13 13:37:01
Hopolo,Taken,Available,2025-08-13 13:37:01
Hopilo,Taken,Available,2025-08-13 13:37:01
Hopula,Available,Available,2025-08-13 13:37:01
Hopala,Taken,Available,2025-08-13 13:37:01
Hopola,Taken,Available,2025-08-13 13:37:01
Hopelo,Taken,Available,2025-08-13 13:37:01
Hoporo,Available,Available,2025-08-13 13:37:01
Hopovo,Taken,Available,2025-08-13 13:37:01
Hopuvo,Available,Available,2025-08-13 13:37:01
Hoplan,Taken,Available,2025-08-13 13:37:01
Hoplay,Taken,Available,2025-08-13 13:37:01
Hopmap,Taken,Available,2025-08-13 13:37:01
Hopgo,Taken,Available,2025-08-13 13:37:01
Hopway,Taken,Available,2025-08-13 13:37:01
Hoptrip,Taken,Taken,2025-08-13 13:37:01
Hopvia,Taken,Available,2025-08-13 13:37:01
Hoproute,Taken,Available,2025-08-13 13:37:01
Hopjour,Available,Available,2025-08-13 13:37:01
Hopventure,Taken,Available,2025-08-13 13:37:01
Bopla,Taken,Available,2025-08-13 13:37:01
Popla,Taken,Available,2025-08-13 13:37:01
Lopla,Taken,Available,2025-08-13 13:37:01
Mopla,Taken,Taken,2025-08-13 13:37:01
Dopla,Taken,Available,2025-08-13 13:37:01
Topla,Taken,Taken,2025-08-13 13:37:01
Zopla,Taken,Available,2025-08-13 13:37:01
Wopla,Taken,Taken,2025-08-13 13:37:01
Copla,Taken,Taken,2025-08-13 13:37:01
Sopla,Taken,Available,2025-08-13 13:37:01
Hopora,Taken,Available,2025-08-13 13:37:01
Hopeta,Taken,Available,2025-08-13 13:37:01
Hopuna,Available,Available,2025-08-13 13:37:01
Hopiso,Available,Available,2025-08-13 13:37:01
Hopumi,Available,Available,2025-08-13 13:37:01
Hopuki,Available,Available,2025-08-13 13:37:01
Hopiri,Available,Available,2025-08-13 13:37:01
Hopoko,Taken,Available,2025-08-13 13:37:01
Hopulu,Available,Available,2025-08-13 13:37:01
Planna,Taken,Taken,2025-08-13 13:37:01
Tripla,Taken,Taken,2025-08-13 13:37:01
Planno,Taken,Taken,2025-08-13 13:37:01
Trippo,Taken,Taken,2025-08-13 13:37:01
Playa,Taken,Taken,2025-08-13 13:37:01
Playgo,Taken,Taken,2025-08-13 13:37:01
Planty,Taken,Taken,2025-08-13 13:37:01
Trippy,Taken,Taken,2025-08-13 13:37:01
Planit,Taken,Taken,2025-08-13 13:37:01
Trippy,Taken,Taken,2025-08-13 13:37:01
Playla,Taken,Available,2025-08-13 13:37:01
Tripola,Taken,Available,2025-08-13 13:37:01
Planto,Taken,Taken,2025-08-13 13:37:01
Tripo,Taken,Taken,2025-08-13 13:37:01
Planya,Taken,Available,2025-08-13 13:37:01
Tripla,Taken,Taken,2025-08-13 13:37:01
Hopula,Available,Available,2025-08-13 13:37:01
Hopella,Taken,Available,2025-08-13 13:37:01
Hopanna,Available,Available,2025-08-13 13:37:01
Hopella,Taken,Available,2025-08-13 13:37:01
Hoppla,Taken,Taken,2025-08-13 13:37:01
Hopella,Taken,Available,2025-08-13 13:37:01
Roundy,Taken,Available,2025-08-13 13:37:01
Poppy,Taken,Taken,2025-08-13 13:37:01
Loopy,Taken,Taken,2025-08-13 13:37:01
Boopy,Taken,Available,2025-08-13 13:37:01
Coopy,Taken,Available,2025-08-13 13:37:01
Doopy,Taken,Available,2025-08-13 13:37:01
Goopy,Taken,Taken,2025-08-13 13:37:01
Moopy,Taken,Available,2025-08-13 13:37:01
Roopy,Taken,Available,2025-08-13 13:37:01
Soopy,Taken,Available,2025-08-13 13:37:01
Toopy,Taken,Available,2025-08-13 13:37:01
Woopy,Taken,Taken,2025-08-13 13:37:01
Zoopy,Taken,Available,2025-08-13 13:37:01
Hopround,Available,Available,2025-08-13 13:37:01
Hoploop,Taken,Available,2025-08-13 13:37:01
Hopbop,Taken,Available,2025-08-13 13:37:01
Hopcop,Taken,Available,2025-08-13 13:37:01
Hopdrop,Taken,Available,2025-08-13 13:37:01
Hopflop,Taken,Available,2025-08-13 13:37:01
Hopglop,Available,Available,2025-08-13 13:37:01
Hopplop,Taken,Available,2025-08-13 13:37:01
Hopstop,Taken,Taken,2025-08-13 13:37:01
Hoptop,Taken,Taken,2025-08-13 13:37:01
Hopshop,Taken,Taken,2025-08-13 13:37:01
Hopchop,Taken,Available,2025-08-13 13:37:01
Hopvoy,Available,Available,2025-08-13 13:37:01
Hopjoy,Taken,Available,2025-08-13 13:37:01
Hopboy,Taken,Available,2025-08-13 13:37:01
Hoptoy,Taken,Available,2025-08-13 13:37:01
Hoproy,Available,Available,2025-08-13 13:37:01
Hopvaya,Available,Available,2025-08-13 13:37:01
Hopgoya,Available,Available,2025-08-13 13:37:01
Hopsoya,Available,Available,2025-08-13 13:37:01
Hoptoya,Available,Available,2025-08-13 13:37:01
Hoproya,Available,Available,2025-08-13 13:37:01
Hopvoya,Available,Available,2025-08-13 13:37:01
Hopzoya,Available,Available,2025-08-13 13:37:01
Hopwoya,Available,Available,2025-08-13 13:37:01
Hopcoya,Available,Available,2025-08-13 13:37:01
Hopdoya,Available,Available,2025-08-13 13:37:01
Hopfoya,Available,Available,2025-08-13 13:37:01
Hopgoya,Available,Available,2025-08-13 13:37:01
Hophoya,Available,Available,2025-08-13 13:37:01
Hopjoya,Available,Available,2025-08-13 13:37:01
Hopkoya,Available,Available,2025-08-13 13:37:01
Hoploya,Available,Available,2025-08-13 13:37:01
Hopmoya,Available,Available,2025-08-13 13:37:01
Hopnoya,Available,Available,2025-08-13 13:37:01
Hopoya,Available,Available,2025-08-13 13:37:01
Hoppoya,Available,Available,2025-08-13 13:37:01
Hopqoya,Available,Available,2025-08-13 13:37:01
Hoproya,Available,Available,2025-08-13 13:37:01
Hopsoya,Available,Available,2025-08-13 13:37:01
Hoptoya,Available,Available,2025-08-13 13:37:01
Hopuoya,Available,Available,2025-08-13 13:37:01
Hopvoya,Available,Available,2025-08-13 13:37:01
Hopwoya,Available,Available,2025-08-13 13:37:01
Hopxoya,Available,Available,2025-08-13 13:37:01
Hopyoya,Available,Available,2025-08-13 13:37:01
Hopzoya,Available,Available,2025-08-13 13:37:01
Busygo,Taken,Available,2025-08-13 13:37:01
Busyhop,Available,Available,2025-08-13 13:37:01
Busyfly,Taken,Available,2025-08-13 13:37:01
Busytrip,Taken,Available,2025-08-13 13:37:01
Busyplan,Taken,Available,2025-08-13 13:37:01
Busyroam,Available,Available,2025-08-13 13:37:01
Busywander,Available,Available,2025-08-13 13:37:01
Busyexplore,Available,Available,2025-08-13 13:37:01
Busyadventure,Available,Available,2025-08-13 13:37:01
Quickhop,Taken,Available,2025-08-13 13:37:01
Quicktrip,Taken,Taken,2025-08-13 13:37:01
Quickplan,Taken,Taken,2025-08-13 13:37:01
Quickroam,Taken,Available,2025-08-13 13:37:01
Quickgo,Taken,Available,2025-08-13 13:37:01
Quickfly,Taken,Available,2025-08-13 13:37:01
Quickwander,Available,Available,2025-08-13 13:37:01
Quickexplore,Taken,Available,2025-08-13 13:37:01
Quickadventure,Taken,Available,2025-08-13 13:37:01
Fasttrip,Taken,Available,2025-08-13 13:37:01
Fasthop,Taken,Available,2025-08-13 13:37:01
Fastplan,Taken,Taken,2025-08-13 13:37:01
Fastgo,Taken,Taken,2025-08-13 13:37:01
Fastfly,Taken,Available,2025-08-13 13:37:01
Fastroam,Taken,Available,2025-08-13 13:37:01
Fastwander,Available,Available,2025-08-13 13:37:01
Fastexplore,Taken,Available,2025-08-13 13:37:01
Fastadventure,Taken,Available,2025-08-13 13:37:01
Smarttrip,Taken,Taken,2025-08-13 13:37:01
Smarthop,Taken,Available,2025-08-13 13:37:01
Smartplan,Taken,Taken,2025-08-13 13:37:01
Smartgo,Taken,Taken,2025-08-13 13:37:01
Smartfly,Taken,Available,2025-08-13 13:37:01
Smartroam,Taken,Taken,2025-08-13 13:37:01
Smartwander,Taken,Available,2025-08-13 13:37:01
Smartexplore,Taken,Available,2025-08-13 13:37:01
Smartadventure,Taken,Available,2025-08-13 13:37:01
Cleverhop,Taken,Available,2025-08-13 13:37:01
Clevertrip,Taken,Available,2025-08-13 13:37:01
Cleverplan,Taken,Available,2025-08-13 13:37:01
Clevergo,Taken,Available,2025-08-13 13:37:01
Cleverfly,Taken,Available,2025-08-13 13:37:01
Cleverroam,Available,Available,2025-08-13 13:37:01
Cleverwander,Taken,Available,2025-08-13 13:37:01
Cleverexplore,Available,Available,2025-08-13 13:37:01
Cleveradventure,Taken,Available,2025-08-13 13:37:01
Brighttrip,Taken,Available,2025-08-13 13:37:01
Brighthop,Taken,Available,2025-08-13 13:37:01
Brightplan,Taken,Available,2025-08-13 13:37:01
Brightgo,Taken,Available,2025-08-13 13:37:01
Brightfly,Taken,Available,2025-08-13 13:37:01
Brightroam,Taken,Available,2025-08-13 13:37:01
Brightwander,Available,Available,2025-08-13 13:37:01
Brightexplore,Available,Available,2025-08-13 13:37:01
Brightadventure,Taken,Available,2025-08-13 13:37:01
Zoomtrip,Taken,Available,2025-08-13 13:37:01
Zoomhop,Available,Available,2025-08-13 13:37:01
Zoomplan,Taken,Available,2025-08-13 13:37:01
Zoomgo,Taken,Available,2025-08-13 13:37:01
Zoomfly,Taken,Available,2025-08-13 13:37:01
Zoomroam,Taken,Available,2025-08-13 13:37:01
Zoomwander,Taken,Available,2025-08-13 13:37:01
Zoomexplore,Taken,Available,2025-08-13 13:37:01
Zoomadventure,Taken,Available,2025-08-13 13:37:01
Boosttrip,Taken,Available,2025-08-13 13:37:01
Boosthop,Available,Available,2025-08-13 13:37:01
Boostplan,Taken,Taken,2025-08-13 13:37:01
Boostgo,Taken,Available,2025-08-13 13:37:01
Boostfly,Taken,Available,2025-08-13 13:37:01
Boostroam,Available,Available,2025-08-13 13:37:01
Boostwander,Available,Available,2025-08-13 13:37:01
Boostexplore,Taken,Available,2025-08-13 13:37:01
Boostadventure,Taken,Available,2025-08-13 13:37:01
Rushtrip,Taken,Available,2025-08-13 13:37:01
Rushhop,Taken,Available,2025-08-13 13:37:01
Rushplan,Taken,Available,2025-08-13 13:37:01
Rushgo,Taken,Available,2025-08-13 13:37:01
Rushfly,Taken,Available,2025-08-13 13:37:01
Rushroam,Available,Available,2025-08-13 13:37:01
Rushwander,Available,Available,2025-08-13 13:37:01
Rushexplore,Taken,Available,2025-08-13 13:37:01
Rushadventure,Taken,Available,2025-08-13 13:37:01
Swifttrip,Taken,Available,2025-08-13 13:37:01
Swifthop,Taken,Available,2025-08-13 13:37:01
Swiftplan,Taken,Taken,2025-08-13 13:37:01
Swiftgo,Taken,Taken,2025-08-13 13:37:01
Swiftfly,Taken,Available,2025-08-13 13:37:01
Swiftroam,Taken,Available,2025-08-13 13:37:01
Swiftwander,Taken,Available,2025-08-13 13:37:01
Swiftexplore,Taken,Available,2025-08-13 13:37:01
Swiftadventure,Taken,Available,2025-08-13 13:37:01
Breezetrip,Taken,Available,2025-08-13 13:37:01
Breezehop,Taken,Available,2025-08-13 13:37:01
Breezeplan,Taken,Available,2025-08-13 13:37:01
Breezego,Taken,Available,2025-08-13 13:37:01
Breezefly,Taken,Available,2025-08-13 13:37:01
Breezeroam,Available,Available,2025-08-13 13:37:01
Breezewander,Available,Available,2025-08-13 13:37:01
Breezeexplore,Available,Available,2025-08-13 13:37:01
Breezeadventure,Taken,Available,2025-08-13 13:37:01
Snaptrip,Taken,Available,2025-08-13 13:37:01
Snaphop,Taken,Available,2025-08-13 13:37:01
Snapplan,Taken,Available,2025-08-13 13:37:01
Snapgo,Taken,Taken,2025-08-13 13:37:01
Snapfly,Taken,Available,2025-08-13 13:37:01
Snaproam,Taken,Available,2025-08-13 13:37:01
Snapwander,Taken,Available,2025-08-13 13:37:01
Snapexplore,Taken,Available,2025-08-13 13:37:01
Snapadventure,Taken,Available,2025-08-13 13:37:01
Whiztrip,Taken,Available,2025-08-13 13:37:01
Whizhop,Taken,Available,2025-08-13 13:37:01
Whizplan,Available,Available,2025-08-13 13:37:01
Whizgo,Taken,Available,2025-08-13 13:37:01
Whizfly,Taken,Available,2025-08-13 13:37:01
vaya,,,
